doc_id,chunk_id,chunk_text,char_len
DOC_01,0,"assessing climate adaptation measures in low-lying coastal regions

Introduction
Climate adaptation has become a central topic in regional planning as coastal areas face increasing risks from sea level rise, extreme precipitation, and prolonged droughts. Low lying coastal regions are particulary vulnerable due to their exposure to flooding, saltwater intrusion, and land subsidence. These risks threaten not only physical infrastructure but also ecosystems, economic activities and the livability of coastal communities. As climate impacts intensify regional authorities are under growing pressure to implement effective adaptation measures. Background and Context
Over the past decade, a wide range of climate adaptation strategies have been proposed and implemented in coastal regions. These strategies include hard infrastructure solutions such as dikes, storm surge barriers and pumping stations as well as nature based solutions like wetland restoration, dune reinforcement, and managed realignment. While the technical feasibility of many measures is well documented their long term effectiveness often depends on governance arrangements, funding stability and monitoring practices. Fragmented responsibilites and project based financing can undermine continuity and learning. Problem Description
In practice adaptation measures are often implemented as isolated projects rather than as part of a coherent long term strategy. This can result in sub optimal outcomes such as mismatches between measures and local risk profiles or limited consideration of future climate scenarios Furthermore adaptation planning frequently involves multiple stakeholders with different interests and mandates complicating coordination and decision making.",1745
DOC_01,1,"Research Objectives
The primary objective of this project is to asses the effectiveness of existing climate adaptation measures in low lying coastal regions. The project aims to evaluate not only technical performance but also institutional and social dimensions of adaptation. Secondary objectives include identifying barriers to implementation understanding stakeholder perspectives and deriving lessons that can inform future adaptation planning. Research Questions
Key questions addressed in this project include: Which adaptation measures are currently applied in low lying coastal regions and how effective are they in reducing risk? How do governance structures and funding mechanisms influence implementation and maintenance? And how do stakeholders perceive the costs benefits and trade offs associated with different adaptation options? Methodology The study combines qualitative and quantitative research methods. Policy documents regional adaptation plans and monitoring reports were analyzed to identify stated objectives and indicators. Semi structured interviews were conducted with representatives from water boards municipalities and regional authorities to capture institutional perspectives. In addition comparative case studies were carried out in selected coastal regions to examine adaptation measures in practice and assess observed outcomes where data was available. Case Study Insights
Three low lying coastal regions were selected as case studies based on differences in risk exposure governance arrangements and adaptation strategies. In one region emphasis was placed on strengthening existing flood defenses while another focused on nature based solutions to enhance resilience.",1707
DOC_01,2,"A third region adopted a mixed approach combining engineered infrastructure with spatial planning measures. These cases provided insight into how contextual factors shape adaptation outcomes

Findings
The analysis indicates that regions with stable funding arrangements clear institutional roles and long term monitoring programs tend to implement adaptation measures more effectively. Nature based solutions often provided additional benefits such as biodiversity enhancement and recreational value but required longer planning horizons and sustained commitment. In contrast purely technical measures were sometimes easier to implement but less flexible in the face of uncertain future conditions. Discussion
The findings highlight the importance of viewing climate adaptation as an ongoing process rather then a one off intervention. Effective adaptation depends not only on choosing the right measures but also on governance capacity stakeholder engagement and learning over time. Integrating adaptation into broader spatial and economic planning can enhance coherence and reduce trade offs. Recommendations
Based on the analysis the project recommends strengthening coordination between regional actors securing long term funding for adaptation measures and investing in monitoring and evaluation frameworks. Sharing experiences and best practices between regions can support learning and improve adaptation outcomes. Pilot projects should be designed with scalability and flexibility in mind! Implications for Regional Planning
For regional planners and policymakers the results underscore the need to align climate adaptation with broader development goals.",1663
DOC_01,3,"Adaptation measures should be assessed not only for their technical effectiveness but also for their social acceptability and long term sustainability. Transparent communication and stakeholder involvement can enhance support and legitimacy. Conclusion
This project demonstrates that effective climate adaptation in low lying coastal regions requires more than technical solutions alone. Governance funding stability monitoring and stakeholder engagement play a crucial role in determining long term success. By addressing these dimensions in an integrated manner regions can improve their resilience to climate change. Future Work
Future research could explore quantitative assessments of adaptation effectiveness under different climate scenarios as well as comparative studies across international coastal regions to further refine adaptation strategies",856
